spot_id,direction_type,direction_min_deg,direction_max_deg,preference_level,source
1,SWELL,270,315,PRIMARY,SURFLINE
1,SWELL,250,270,SECONDARY,SURFLINE
1,SWELL,315,330,SECONDARY,SURFLINE
1,WIND,75,120,PRIMARY,SURFLINE
1,WIND,60,75,SECONDARY,SURFLINE
1,WIND,120,135,SECONDARY,SURFLINE
2,SWELL,180,225,PRIMARY,SURFLINE
2,SWELL,165,180,SECONDARY,SURFLINE
2,SWELL,225,240,SECONDARY,SURFLINE
2,WIND,100,150,PRIMARY,SURFLINE
2,WIND,80,100,SECONDARY,SURFLINE
2,WIND,150,170,SECONDARY,SURFLINE
3,SWELL,195,215,PRIMARY,SURFLINE
3,SWELL,180,195,SECONDARY,SURFLINE
3,SWELL,215,230,SECONDARY,SURFLINE
3,WIND,270,330,PRIMARY,SURFLINE
3,WIND,250,270,SECONDARY,SURFLINE
3,WIND,330,350,SECONDARY,SURFLINE
4,SWELL,180,225,PRIMARY,FIJI_TRAVEL
4,SWELL,165,180,SECONDARY,FIJI_TRAVEL
4,SWELL,225,240,SECONDARY,FIJI_TRAVEL
4,WIND,90,120,PRIMARY,SURFLINE
4,WIND,60,90,SECONDARY,SURFLINE
4,WIND,120,150,SECONDARY,SURFLINE
5,SWELL,285,325,PRIMARY,SURFLINE
5,SWELL,270,285,SECONDARY,SURFLINE
5,SWELL,325,340,SECONDARY,SURFLINE
5,WIND,90,180,PRIMARY,SURFLINE
5,WIND,60,90,SECONDARY,SURFLINE
5,WIND,180,210,SECONDARY,SURFLINE